<?xml version="1.0" encoding="UTF-8" standalone="no"?>
<!DOCTYPE properties SYSTEM "http://java.sun.com/dtd/properties.dtd">
<properties>
	<entry key="getCategory">
		SELECT 
		       CATEGORY_NO, 
		       CATEGORY_NAME
  		  FROM 
  		       PRODUCT_CATEGORY
	</entry>
	<entry key="insertProduct">
		INSERT INTO PRODUCT (PRODUCT_NO
						  , PRODUCT_NAME
						  , PRICE
						  , STOCK
						  , PRODUCT_DESC
						  , STATUS
						  , SALES_QUANTITY
						  , PRODUCT_ENROLL
						  , CATEGORY_NO)
		VALUES(SEQ_PNO.NEXTVAL, ?, ?, ?, ?, ?, ?, SYSDATE, ?)
	</entry>
	<entry key="insertProductAttachment">
		INSERT INTO PRODUCTATTACHMENT (FILE_NO
							 , REF_PNO
							 , ORIGIN_NAME
							 , CHANGE_NAME
							 , FILE_PATH
							 , UPLOAD_DATE
							 , FILE_LEVEL
							 , STATUS)
		VALUES(SEQ_FNO.NEXTVAL, SEQ_PNO.CURRVAL, ?, ?, ?, SYSDATE, ?, ?)
	</entry>
	
	
	<entry key="selectNewProduct">
		SELECT 
		       PRODUCT_NO, 
		       PRODUCT_NAME, 
		       PRICE, 
		       PRODUCT_DESC, 
		       FILE_PATH||CHANGE_NAME FILEPATHNAME
  		  FROM 
  		       PRODUCT P
  		  JOIN 
  		       PRODUCTATTACHMENT ON(PRODUCT_NO = REF_PNO)
 		 WHERE 
 		       FILE_LEVEL = 1
 		 ORDER 
 		    BY 
 		       PRODUCT_NO DESC
	</entry>
	<entry key="searchProduct">
		SELECT PRODUCT_NO, PRODUCT_NAME, PRICE, PRODUCT_DESC, FILE_PATH||CHANGE_NAME PIMG
  FROM PRODUCT
  JOIN PRODUCTATTACHMENT ON(REF_PNO = PRODUCT_NO)
 WHERE FILE_LEVEL = 1
   AND ((PRODUCT_NAME LIKE '%' || ? || '%') OR (PRODUCT_DESC LIKE '%' || ? || '%'))
	</entry>
	<entry key="selectProduct">
		SELECT PRODUCT_NO, PRODUCT_NAME, PRICE, STOCK, PRODUCT_DESC, SALES_QUANTITY
  		  FROM PRODUCT
 		 WHERE PRODUCT_NO = ?
	</entry>
	<entry key="selectProductAttachment">
		SELECT FILE_NO, REF_PNO, ORIGIN_NAME, FILE_PATH||CHANGE_NAME PIMG, UPLOAD_DATE, FILE_LEVEL
  		  FROM PRODUCTATTACHMENT
 		 WHERE REF_PNO = ?
	</entry>
	<entry key="insertCart">
		INSERT INTO CART
		VALUES(?, ?, ?)
	</entry>
	
	<!--  -->
	<entry key="selectAllProduct">	
		SELECT
	           a.PRODUCT_NO
		     , a.PRODUCT_NAME
		     , a.PRICE
		     , a.STOCK
		     , a.PRODUCT_DESC
		     , a.STATUS
		     , a.SALES_QUANTITY
	         , b.STATUS b_STATUS
	         , b.FILE_LEVEL 
	         , b.FILE_PATH||b.CHANGE_NAME PRODUCTIMG
		  FROM PRODUCT a
	     INNER JOIN PRODUCTATTACHMENT b ON(PRODUCT_NO = REF_PNO)
	       AND FILE_LEVEL = 1
		 ORDER BY PRODUCT_ENROLL DESC
	</entry>
	
	<entry key="selectSaleProduct">
			SELECT
               a.PRODUCT_NO
		     , a.PRODUCT_NAME
		     , a.PRICE
		     , a.STOCK
		     , a.PRODUCT_DESC
		     , a.STATUS
		     , a.SALES_QUANTITY
		     , a.PRODUCT_ENROLL
             , b.STATUS b_STATUS
             , b.FILE_LEVEL 
             , b.FILE_PATH||b.CHANGE_NAME PRODUCTIMG
		  FROM PRODUCT a
         INNER JOIN PRODUCTATTACHMENT b ON(PRODUCT_NO = REF_PNO)
           AND FILE_LEVEL = 1
           AND CATEGORY_NO = 20
		 ORDER BY PRODUCT_ENROLL DESC
	</entry>
	
	<entry key="selectRankingProduct">
		SELECT * FROM
			(SELECT
               a.PRODUCT_NO
		     , a.PRODUCT_NAME
		     , a.PRICE
		     , a.STOCK
		     , a.PRODUCT_DESC
		     , a.STATUS
		     , a.SALES_QUANTITY
		     , a.PRODUCT_ENROLL
             , b.STATUS b_STATUS
             , b.FILE_LEVEL 
             , b.FILE_PATH||b.CHANGE_NAME PRODUCTIMG
		  FROM PRODUCT a
         INNER JOIN PRODUCTATTACHMENT b ON(PRODUCT_NO = REF_PNO)
           AND FILE_LEVEL = 1
           AND CATEGORY_NO = 10
		 ORDER BY SALES_QUANTITY DESC)
		 WHERE <![CDATA[ROWNUM <= 10]]>
	</entry>
	<entry key="insertReview">
		INSERT INTO REVIEW (REVIEW_NO
	                  	  , REVIEW_WRITER
	                      , REVIEW_PNO
	                      , REVIEW_CONTENT)
					 VALUES (SEQ_RNO.NEXTVAL, ?, ?, ?)
	</entry>
	<entry key="selectReviewList">
			SELECT REVIEW_NO
			     , MEMBER_ID
			     , REVIEW_CONTENT
			     , TO_CHAR (CREATE_DATE, 'YY/MM/DD HH:MI:SS') CREATE_DATE
              FROM REVIEW
    JOIN MEMBER ON (REVIEW_WRITER = MEMBER_NO)
   JOIN PRODUCT ON (PRODUCT_NO = REVIEW_PNO)
             WHERE PRODUCT_NO = ?
	</entry>
	
	
</properties>
