<?xml version="1.0" encoding="UTF-8" standalone="no"?>
<!DOCTYPE properties SYSTEM "http://java.sun.com/dtd/properties.dtd">
<properties>
	<entry key="loginMember">
		SELECT
			  MEMBER_NO,
			  MEMBER_ID,
		  	  MEMBER_PWD,
	  	 	  MEMBER_NAME,
	  	 	  MEMBER_NICK,
	  	 	  PHONE,
	 	 	  EMAIL,
	 	 	  BIRTHDAY,
	 	 	  QUESTION,
	 	 	  ANSWER,
	 	 	  STATUS,
	 	 	  POINT,
	 	      ENROLL_DATE
		  FROM
		  	  MEMBER
		 WHERE
		   	  MEMBER_ID = ?
		   AND
		   	  MEMBER_PWD = ?
		   AND
		   NOT STATUS IN 'B'
	</entry>
	
	<entry key="idCheck">
		SELECT
			  MEMBER_NO,
			  MEMBER_ID,
		  	  MEMBER_PWD,
	  	 	  MEMBER_NAME,
	  	 	  MEMBER_NICK,
	  	 	  PHONE,
	 	 	  EMAIL,
	 	 	  BIRTHDAY,
	 	 	  QUESTION,
	 	 	  ANSWER,
	 	 	  STATUS,
	 	 	  POINT,
	 	      ENROLL_DATE
		  FROM
		  	  MEMBER
		 WHERE
		   	  MEMBER_ID = ?
	</entry>
	
	
	<entry key="nickNameCheck">
		SELECT
			  MEMBER_NO,
			  MEMBER_ID,
		  	  MEMBER_PWD,
	  	 	  MEMBER_NAME,
	  	 	  MEMBER_NICK,
	  	 	  PHONE,
	 	 	  EMAIL,
	 	 	  BIRTHDAY,
	 	 	  QUESTION,
	 	 	  ANSWER,
	 	 	  STATUS,
	 	 	  POINT,
	 	      ENROLL_DATE
		  FROM
		  	  MEMBER
		 WHERE
		   	  MEMBER_NICK = ?
	</entry>
	
	
	<entry key="insertMember">
		INSERT
		  INTO 
		      MEMBER
		      (
		       MEMBER_NO,
		       MEMBER_ID,
		       MEMBER_PWD,
		       MEMBER_NAME,
		       BIRTHDAY,
		       QUESTION,
		       ANSWER,
		       EMAIL,
		       PHONE,
		       MEMBER_NICK
		      )
		VALUES
			  (
			   SEQ_MNO.NEXTVAL,
			   ?, 
			   ?, 
			   ?, 
			   ?, 
			   ?, 
			   ?, 
			   ?,
			   ?,
			   ?
			  )
	</entry>
	
	
	<entry key="findId">
		SELECT
			  MEMBER_NO,
			  MEMBER_ID,
		  	  MEMBER_PWD,
	  	 	  MEMBER_NAME,
	  	 	  MEMBER_NICK,
	  	 	  PHONE,
	 	 	  EMAIL,
	 	 	  BIRTHDAY,
	 	 	  QUESTION,
	 	 	  ANSWER,
	 	 	  STATUS,
	 	 	  POINT,
	 	      ENROLL_DATE
		  FROM
		  	  MEMBER
		 WHERE
		   	  MEMBER_NAME = ?
		   AND
		   	  EMAIL = ?
		   AND
		   NOT STATUS IN 'B'
		   
	</entry>
	
	<entry key="findPwd">
		SELECT
			  MEMBER_NO,
			  MEMBER_ID,
		  	  MEMBER_PWD,
	  	 	  MEMBER_NAME,
	  	 	  MEMBER_NICK,
	  	 	  PHONE,
	 	 	  EMAIL,
	 	 	  BIRTHDAY,
	 	 	  QUESTION,
	 	 	  ANSWER,
	 	 	  STATUS,
	 	 	  POINT,
	 	      ENROLL_DATE
		  FROM
		  	  MEMBER
		 WHERE
		   	  MEMBER_ID = ?
		   AND
		   	  QUESTION = ?
		   AND
		   	  ANSWER =?
		   AND
		   NOT STATUS IN 'B'
		   
	</entry>
	
	
	
	<!-- 아래부터 배송지 관련 -->
	<entry key="selectAddressList">
		SELECT 
			   ADDRESS_NO,
			   SET_MAIN, 
			   RECEIVER, 
			   LOCATION, 
			   A.PHONE, 
			   MEMBER_NO
  		  FROM 
  		       ADDRESS A
  		  JOIN 
  		       MEMBER USING(MEMBER_NO)
 		 WHERE 
 		       MEMBER_NO = ?
 		 ORDER
 		    BY
 		       SET_MAIN DESC
	</entry>
	<entry key="insertAddress">
		INSERT 
		  INTO 
		       ADDRESS
		VALUES
		       (
		        SEQ_ANO.NEXTVAL, 
		        ?, 
		        ?, 
		        ?, 
		        ?, 
		        ?
		        )
	</entry>
	<entry key="changeMainAddress">
		UPDATE 
			   ADDRESS
   		   SET 
   		       SET_MAIN = 'N'
 	     WHERE 
 	           MEMBER_NO = ?
           AND 
               SET_MAIN = 'Y'
	</entry>
	<entry key="updateAddress">
		UPDATE 
		 	   ADDRESS
   		   SET 
   		       SET_MAIN = ?,
       		   RECEIVER = ?,
       	       LOCATION = ?,
       		   PHONE = ?
  		 WHERE 
  		 	   MEMBER_NO = ?
  		   AND 
  		       ADDRESS_NO = ?
	</entry>
	<entry key="deleteAddress">
		DELETE 
			   ADDRESS
 		 WHERE 
 		 	   ADDRESS_NO = ?
	</entry>
	<entry key="setMainAddress">
		UPDATE 
			   ADDRESS
   		   SET 
   		       SET_MAIN = 'Y'
 		 WHERE 
 		       ADDRESS_NO = ?
	</entry>
	
</properties>
