<?xml version="1.0" encoding="UTF-8"  standalone="no"?>
<!DOCTYPE properties SYSTEM "http://java.sun.com/dtd/properties.dtd">
<properties>


	<comment>자유게시판 관련 쿼리문들</comment>
		
		
		<entry key="selectListCount">
			SELECT COUNT(*) COUNT
			FROM BOARD
			WHERE STATUS='Y'
			
		
		</entry>
		
		<entry key="selectList">
			SELECT *
			FROM (SELECT ROWNUM RNUM, A.*
			FROM(SELECT BOARD_NO, CATEGORY_NAME, BOARD_TITLE, MEMBER_ID, COUNT, CREATE_DATE
			FROM BOARD B
			JOIN BOARD_CATEGORY USING(CATEGORY_NO)
			JOIN MEMBER ON(BOARD_WRITER = MEMBER_NO)
			WHERE B.STATUS = 'Y'
			ORDER BY CREATE_DATE DESC) A)
			WHERE RNUM BETWEEN ? AND ?
		
		
		</entry>
		
		<entry key="selectCategoryList">
		SELECT CATEGORY_NO, CATEGORY_NAME
		FROM BOARD_CATEGORY
		
		</entry>
		
		<entry key="insertBoard">
			INSERT INTO BOARD(BOARD_NO, CATEGORY_NO, BOARD_WRITER, BOARD_TITLE, BOARD_CONTENT, CREATE_DATE)
			VALUES(SEQ_BNO.NEXTVAL, ?, ?, ?, ?, SYSDATE)
		
		</entry>
		
		<entry key="insertAttachment">
		INSERT INTO BOARDATTACHMENT (FILE_NO, REF_PNO, ORIGIN_NAME, CHANGE_NAME, FILE_PATH)
		VALUES (SEQ_FNO.NEXTVAL, SEQ_BNO.CURRVAL, ?, ?, ?)
		</entry>
		
		
		<entry key="insertNewAttachment">
		INSERT INTO BOARDATTACHMENT (FILE_NO, REF_PNO, ORIGIN_NAME, CHANGE_NAME, FILE_PATH)
		VALUES (SEQ_FNO.NEXTVAL, ?, ?, ?, ?)
		</entry>
		
		<entry key="increaseCount">
		UPDATE BOARD
			SET COUNT = COUNT + 1
			WHERE BOARD_NO = ?
			AND STATUS = 'Y'
		</entry>
		

		<entry key="selectAttachment">
		SELECT FILE_NO, ORIGIN_NAME, CHANGE_NAME, FILE_PATH
		FROM BOARDATTACHMENT
		WHERE REF_PNO = ?
		</entry>
		
		

    
    
    <entry key ="deleteBoard">
    UPDATE BOARD
    SET STATUS = 'N'
    WHERE BOARD_NO = ?
    
    </entry>
    
    <entry key ="selectBoard">
    SELECT BOARD_NO, CATEGORY_NAME, MEMBER_ID, BOARD_TITLE, BOARD_CONTENT, CREATE_DATE
	FROM BOARD B
	LEFT JOIN BOARD_CATEGORY USING (CATEGORY_NO)
	JOIN MEMBER ON(BOARD_WRITER = MEMBER_NO)
	WHERE BOARD_NO = ?
	AND B.STATUS = 'Y'
    
    
    </entry>
        <entry key="updateBoard">
   		UPDATE BOARD
		SET CATEGORY_NO = ?,
	    BOARD_TITLE = ?,
	    BOARD_CONTENT = ?
	    WHERE BOARD_NO = ?
	    
	    </entry>
	    
	    <entry key="updateAttachment">
	    UPDATE BOARDATTACHMENT
	    SET ORIGIN_NAME = ?,
	    CHANGE_NAME =?,
	    FILE_PATH =?,
	    UPLOAD_DATE = SYSDATE
	    WHERE FILE_NO = ?
	    AND STATUS = 'Y'
	    
	    
	    </entry>
    
 
</properties>