<?xml version="1.0" encoding="UTF-8" standalone="no"?>
<!DOCTYPE properties SYSTEM "http://java.sun.com/dtd/properties.dtd">
<properties>
	
	<comment>공지사항 관련 쿼리문들</comment>

	<!-- page -->
	<entry key="selectListCount">
        SELECT 
				COUNT(*) COUNT
  		FROM 
  				NOTICE
  		WHERE
  			  STATUS = 'Y'
	</entry>
	
	
	<!-- Notice -->
	<entry key="selectNoticeList">
		
		SELECT *
		FROM(SELECT 
             ROWNUM RUNM, A.*
              FROM (SELECT NOTICE_NO, MEMBER_ID, NOTICE_TITLE, NOTICE_CONTENT, COUNT, CREATE_DATE, N.STATUS
		FROM NOTICE N, MEMBER M
		WHERE (NOTICE_WRITER = MEMBER_NO)
		 AND N.STATUS = 'Y'
 		ORDER BY 
             	 NOTICE_NO DESC) A)
	     WHERE 
	     		RUNM BETWEEN ? AND ?
              
	</entry>
	
	<entry key="selectDetailNotice">
		SELECT NOTICE_NO, MEMBER_ID, NOTICE_TITLE, NOTICE_CONTENT, COUNT, CREATE_DATE, N.STATUS
		FROM NOTICE N, MEMBER M
		WHERE (NOTICE_WRITER = MEMBER_NO)
        AND NOTICE_NO = ?
		 AND N.STATUS = 'Y'
	</entry>
	
	<entry key="insertNotice">
			INSERT INTO 
			   			NOTICE
				VALUES 
				(
				SEQ_NNO.NEXTVAL, 
				1, 
				?,
				?,
				0,
				SYSDATE,
				'Y'
				)
	</entry>
	
		<entry key="deleteNotice">
		UPDATE
			   NOTICE
		    SET
		    	STATUS = 'N'
		  WHERE
		       NOTICE_NO = ?
	</entry>
	
	
	<entry key="updateNotice">
		UPDATE NOTICE
   		   SET 
       		   NOTICE_TITLE = ?,
       		   NOTICE_CONTENT = ?,
       		   CREATE_DATE = SYSDATE
 		 WHERE NOTICE_NO = ?
	</entry>
	
	<!-- 조회수  -->
	
	<entry key="increaseCount">
		UPDATE NOTICE
		   SET
		      COUNT = COUNT + 1
		 WHERE
		 	  NOTICE_NO = ?
	       AND
	          STATUS = 'Y'
	</entry>

</properties>
